id,date,text
1272806885918457859,2020-06-16 08:23:03+00:00,"Etwa 30 Menschen sitzen vor #RotesRathaus und fordern von @RegBerlin &amp; @derInnensenator ein #LandesAufnahmeprogramm f√ºr Gefl√ºchtete.

#b1606 #berlin #mitte #leaveNoOneBehind #moria #RefugeesWelcome #wirHabenPlatz #seebr√ºcke @Berlin_Hilft @wellcomeunited @_seebruecke_ @seebrueckeB https://t.co/U9llR356G2"
1245702911365197824,2020-04-02 13:21:32+00:00,"I have, we have learned so much from each other. Now that #COVID„Éº19 calls for solidarty and support. It calls for taking care of each other. Now is the time to ask serious questions about #DirectProvision and the lives of #AsylumSeekers /8"
1304287145637576707,2020-09-11 05:14:22+00:00,@cianisse @florianklenk Eine wirksame Verfolgung ist mit der Niederlassungsfreiheit in der EU schwierig. Ebenso ist das Dublin Abkommen unbrauchbar und f√ºhrt zu Unmenschlichkeit bei der vorgegebenen Abhandlung der Asylantr√§ge. Also zwei EU Probleme und arme Fl√ºchtlinge
1215302839473524744,2020-01-09 16:02:30+00:00,"Vulnerable #refugee children in desperate need of protection will suffer greatly as a result of this inexplicable decision. 

This is not the Britain I know and love üíî https://twitter.com/HouseofCommons/status/1214927927650983936"
1313046393859313664,2020-10-05 09:20:30+00:00,"@dw_learngerman Den Lehrerin und Lehrer, die sie nach dem angeblichen Putschversuch entlassen wurden und sie sind v√∂llig unschuldig. Meisten davon sind im Gef√§ngnis, trotzdem sind sie v√∂llig unschuldig. Welche sind in Europa als Fl√ºchtling wie ich angekommen."
1306347003744595973,2020-09-16 21:39:31+00:00,"@nasanasal Diese Sichtweise dominiert m. E. auch in griechischen Medien, wo die ganze Lesbossache als Teil einer t√ºrkischen Kriegsf√ºhrung gesehen wird. Und Merkel so dusselig ist, sich zu Erdogans Werkzeug zu machen. #Moira #Lesbos #Samos #Fl√ºchtlinge #Merkel"
1265778096227135493,2020-05-27 22:53:09+00:00,"@maischberger @_FriedrichMerz @ChristinaBerndt @DasErste #Lesbos: April 2020
Marodierende #Migranten vernichten 5.000 Olivenb√§ume https://urlzs.com/urFgf 
Ihr habt die Pflicht, dar√ºber zu berichten.
Und Ihr d√ºrft L√∂sungen diskutieren.
Europas L√∂sung der #Migrationskrise &gt; https://goo.gl/qtkTvz &lt; #EU 
#Moria #Coronakrise #Maischberger"
1192785338676023296,2019-11-08 12:46:00+00:00,"Welcome to the family!! ü§ó


Thanks to @eu_echo funding, @InsanPS will provide psychosocial support to refugees in Turkey üëèüëèüëè 


Our innovative LIFT project, implemented by @giz_gmbh, continues to welcome new local partners in Turkey. #EUsolidarity"
1263152570211672064,2020-05-20 17:00:15+00:00,"Unser neuer Tank ist drin! Endlich gen√ºgend Reichweite, um retten zu k√∂nnen. Richard und Tobias planen jetzt, wie die Leitungen gelegt werden m√ºssen. 
#wirbaueneinschiff mit @SEENOTRETTUNG 
#seenotrettung https://t.co/THJ5qlxlJY"
1264440912626753541,2020-05-24 06:19:40+00:00,"#Wiederaufbaufonds ja, #Gemeinschaftsschulden nein!

F√ºr einen Schritt zur #Fiskalunion ist nicht die Zeit. 
Die #EU muss den Wiederaufbaufonds durch direkte Budgetbeitr√§ge der Mitglieder finanzieren, nicht durch Gemeinschaftsschulden. 

#Merkel #Macron #Kurz @faznet @FAZ_Politik https://twitter.com/FAZ_Politik/status/1264428455006961665"
1317834297798176769,2020-10-18 14:25:55+00:00,"Wieso pl√∂tzlich ""Asylkrise""???
Es war doch immer alles ""tipi topi""!ü§îü§î https://t.co/nTafiVLSUr"
1255924225698861057,2020-04-30 18:17:24+00:00,"""Rather than fueling inequality by competing aggressively with each other, European countries should move toward joint taxation and democratic governance.""

Thomas Piketty: Willing #EU countries should spearhead fiscal union https://www.politico.eu/article/thomas-piketty-willing-eu-countries-should-spearhead-fiscal-union/

#FiscalUnion #Coronabonds #Tax"
1303603029900431362,2020-09-09 07:55:56+00:00,"Wenn alles die heute #WirHabenPlatz tweeten, einen Fl√ºchtling bei sich aufnehmen und alle Kosten, die enstehen, tragen, dann ist das alles kein Problem. Und die guten Menschen stehen doch bestimmt, zu dem, was sie tweeten und wollen nicht andere daf√ºr zahlen lassen?"
1303769903091118081,2020-09-09 18:59:02+00:00,"‚ÄûEil-Appell #WirHabenPlatz: Menschen aus #Moria - evakuieren, aufnehmen, Leben retten! @BMI_Bund‚Äù - Jetzt unterschreiben! https://t.co/SlDuYcGzSh via @ChangeGER"
1202252128745639938,2019-12-04 15:43:38+00:00,Die Wahrheit tut manchmal weh. Die sicheren H√§fen in #Afrika sicherlich nicht. Besser als noch mehr Migranten heimlich in D einzufliegen. #EUSolidarit√§t #Alankurdi #oocpanther
1243935793586081793,2020-03-28 16:19:39+00:00,@SEENOTRETTUNG @Chel_plier @derspiegel Wann wird dieser Schandfleck der #EU aufgel√∂st und die Gefl√ºchteten endlich aufgenommen?#LeaveNoOneBehind
1308771272369811456,2020-09-23 14:12:41+00:00,"@LoveGuerillero Deswegen sage ich, Heckler und Koch m√ºssen die Fl√ºchtlinge aufnehmen.

@HK_Deutschland"
1190782244350242816,2019-11-03 00:06:25+00:00,"ITALY - #Italy, the new #EuroCrisis? -- #VisualPolitikEN... üáÆüáπ
#EuroZone 
https://www.youtube.com/watch?v=RfSGmmDI3Fs"
1234903050411823104,2020-03-03 18:06:45+00:00,"Greek troops &amp; riot police are on high alert along the land border between #Greece &amp; #Turkey, the main flashpoint in an escalating row between the European Union &amp; Ankara over how to deal with a new wave of #refugees &amp; #migrants https://www.aljazeera.com/news/2020/03/greece-high-alert-turkey-border-200303104752845.html #RefugeeCrisis #HumanRights"
1250012009959219208,2020-04-14 10:44:21+00:00,"Hey #m√ºnchen, du bist doch #sichererhafen und hast die Aufnahmebereitschaft von Fl√ºchtlingen erkl√§rt, jetzt wo die Lager auf den griechischen Inseln schlimmer √ºberf√ºllt sind als je zuvor. Wie w√§re es mal mit konkreten Zusagen? #LeaveNoOneBehind (1/3)"
1327009517712773120,2020-11-12 22:04:58+00:00,"My mother just forwarded a chain text from my uncle. The text is ridden with falsehoods (ex. mail-in is ‚Äúunconstitutional‚Äù). Original writer claims that ‚ÄúI have researched all of this and it is Fact!‚Äù

Disgusted with the disinformation targeting immigrant and refugee families. https://t.co/TmMyq5CfEL"
1248912842230624256,2020-04-11 09:56:39+00:00,"Deshalb fordern wir die Bundes- und Landesregierung zur sofortigen Aufnahme von Gefl√ºchteten auf! #wirhabenplatz
Mehr dazu kannst du in den Pressemitteilungen der Gr√ºne Jugend Bayern und Seebr√ºcke nachlesen.
#leavenoonebehind
#refugeeswelcome
#keinmenschistillegal #moria
5/5"
1243806527066120193,2020-03-28 07:45:59+00:00,"Hi @DeptJusticeIRL, it's 7.40am on Saturday the 28th of March and we are still waiting on your updated plan of action re: the health of all #asylumseekers and #refugees under state care in #directprovision during #COVID19ireland #COVID19"
1265213624454459392,2020-05-26 09:30:09+00:00,"#EUsolidarity with #covid19: watch tonight 21:50 CET on @Euronews the new episode of #SmartRegions
EU #cohesionpolicy project ""The Good Support Program""üáµüá± is revealing to be extremely useful at time of social distancing.
#cohesionpolicy
@RegioPoland https://eu.smh.re/J_e"
1183467133545656320,2019-10-13 19:38:47+00:00,"@EPisstaker I am curious to how she will stop #free #movement on the island of #ireland without hard #borders etc
Her #refugee #parents must be so #proud!!!"
1216674302298394626,2020-01-13 10:52:13+00:00,"@THommerich @verusoss1 Ohne Frage Respekt f√ºr die Franzosen f√ºr ihre Standhaftigkeit.
Vergessen wir aber nicht da√ü wir Nordwesteurop√§er die Rechnung bezahlen. #Rentenreform #Transferunion"
1168375298980605952,2019-09-02 04:09:13+00:00,@Martyr003 Europe have to reap the consequences. They always stood with Judo-Christian Zionists in destroying the Muslim countries. Now refugees from that countries have legal and justified right to go and settle in Europe. #RefugeesWelcome
1254866172366819328,2020-04-27 20:13:04+00:00,Im neutral with this corona virus epidemic. State USA Senators should have the right to implement their own laws. The seperation of powers is granted to ensure we are not in a dictatorship. #opentheborders
1171042973582266375,2019-09-09 12:49:36+00:00,Our Podcast talking to Aimee from the Ivory Coast. A person with refugee status. https://lttr.ai/HkNB #SCOTLAND #Asylumseeker #Refugees
1304804927148040198,2020-09-12 15:31:51+00:00,"Ja da ist was dran üëç

#wirhabenplatz #wirschaffendas #Fluechtlinge #Fluechtlingslager #moria #moriaevakuieren https://t.co/1Vp8RCYHHg"
1181595713114923010,2019-10-08 15:42:25+00:00,@LadBonnie @ivowtothee #Remigration along with all his family &amp; associates.
1262994543844229121,2020-05-20 06:32:19+00:00,'It's up to us': how Merkel and Macron revived EU solidarity https://reut.rs/3cNnGlt by @ReutersChalmers + @gbaczynska #Germany #France #EU #recovery #fiscalunion
1273350721363161088,2020-06-17 20:24:04+00:00,20th June 2020 had been marked as a day of #Refugees is dedicated to raising Awareness of the situation of refugees throughout the world. OSSI will be organising an online discussion on ‚ÄúConflict and Trauma Healing‚Äù kindly register here: https://t.co/eae7rb8mbK #SSOT @Refugees https://t.co/Oapwxym3jI
1266065838249062400,2020-05-28 17:56:32+00:00,"Wer hat von Deutschlands Sparpolitik der so genannten schwarzen Null der letzten Jahre profitiert?

Deutschland ????
Italien: JAAAAA
Spanien: JAAA
Frankreich: JAA
EU-Kommission: JA

#Eurobonds #Euro #Europa"
1199551073112989701,2019-11-27 04:50:37+00:00,"Einen Scheissdreck habt ihr geschafft:

#Asylkrise? ‚ÄûWir haben das zun√§chst einmal geschafft‚Äú https://www.welt.de/politik/deutschland/article203847362/BAMF-Chef-Sommer-Asylkrise-Wir-haben-das-zunaechst-einmal-geschafft.html"
1306731388595470336,2020-09-17 23:06:55+00:00,"#MoriaStory #LeaveNoOneBehind 
#SchandederEU 
@UN @UNHumanRights @amnesty 
@EU_Commission  @Europarl_DE https://t.co/aSSJ82N6z1"
1248256950363738114,2020-04-09 14:30:23+00:00,"#EU #Euro #Eurozone #Corona #Covid #CoronaBonds #Eurobonds #FreeBeer #ForAll #DebtUnion #TransferUnion #Solidarity #Hypocrisy @OlafScholz @WBHoekstra 

Complementary infos: https://t1p.de/24my and  https://t1p.de/4kp9 (English) and https://t1p.de/3ism (German)"
1305133599071629313,2020-09-13 13:17:52+00:00,"Spoiler: Die, die jetzt keine Fl√ºchtlinge aus Lesbos aufnehmen wollen, weil sie am Brand selbst Schuld sein, w√ºrden auch sonst keine Fl√ºchtlinge aufnehmen."
1322924233194901504,2020-11-01 15:31:30+00:00,"Ihr Schlepper k√∂nnt die gern bei euch zu Hause aufnehmen.Aber dann geht das ja an euer eigenes Geld.Das wollt ihr ja komischerweise nicht.Mal sehen wie viele von euch noch fest genommen werden.Wie viele Leute haben keine Wohnung in üá©üá™?
https://t.co/YBGcHdlLFY

 #LeaveNoOneBehind"
1303008786601435136,2020-09-07 16:34:38+00:00,#SWPPlus Fl√ºchtlingskrise: Politikwissenschaftler J√ºrgen Falter im Interview https://t.co/FOGgjIobUh
1216337392292061185,2020-01-12 12:33:27+00:00,"Open the Borders, bring down the Walls!... is not a senseless demand. In fact a very sensible one. The alternative is border barbarism.
#OpenTheBorders #RefugeesWelcome 

https://www.bbc.co.uk/news/world-europe-51081865?SThisFB"
1240171638588690432,2020-03-18 07:02:14+00:00,Petition ¬∑ #LeaveNoOneBehind: Jetzt die Corona-Katastrophe verhindern - auch an den Au√üengrenzen! ¬∑ https://t.co/368vEcrIAE  https://t.co/HBOvnKaq6C
1170768541659926528,2019-09-08 18:39:06+00:00,Schweden...125 Schie√üereien 25Tote und 120 Sprengstoffanschl√§ge seit Jahresbeginn...Da sage ich Bingo Schweden ist bunt #Wirschaffendas https://www.heise.de/tp/features/Schweden-Steilvorlage-fuer-die-Rechten-4512879.html
1260238222661169152,2020-05-12 15:59:41+00:00,"‚ÄúThere must be a strong element of true fiscal #solidarity by common #resources for those countries most strongly affected‚Äù
#COVID„Éº19 #EU #FiscalCapacity #FiscalUnion #EuropeanFiscalUnion
by @Der_BDI @medef @Confindustria via @FT 
https://on.ft.com/2zyP2Ne"
1247800140242382849,2020-04-08 08:15:11+00:00,"Aber nat√ºrlich sind die Rechten in diesen Zeiten das Hauptproblem...
#Oberhausen #refugeesNOTwelcome #remigration #COVID19 #coronadeutschland 

https://t.co/YjsjnTqnW8"
1326804514398212096,2020-11-12 08:30:21+00:00,"According to @WorldBank, Sub-Saharan Africa holds 63% of the global poor population, millions are living in extreme #poverty. With our world class #GIS solutions, Alcis can locate the most vulnerable people, ensuring we #LeaveNoOneBehind. 
Find out: https://t.co/YtsLjg8O63 https://t.co/4LmmDOotV5"
1224718008968523776,2020-02-04 15:35:02+00:00,50% of refugees who arrived in Germany after 2013 have jobs. Thanks to dedicated language an integration programmes this is a marked progress compared to previous generations. Yes!!! üòÄ#RefugeesWelcome https://twitter.com/derspiegel/status/1224681847893954560
1240235269896486913,2020-03-18 11:15:05+00:00,"Tecle, 29 and an International Rescue Committee staff member, became the first refugee from Africa to run for city council in Boise. 
  
#WelcomeRefugees #StandwithRefugees #buildcommunity #AllAreWelcome #OpenHeartsFreshStarts

https://www.rescue.org/article/refugee-helps-his-american-friend-realize-value-his-voice"
1312786152039079938,2020-10-04 16:06:23+00:00,Schweden will keine Fl√ºchtlinge mehr aufnehmen I Soziale Spannungen durc... https://t.co/0wfX2xlR5a via @YouTube
1303699276539846658,2020-09-09 14:18:23+00:00,"Immer wieder h√∂rt man sie reden:""Wir d√ºrfen Griechenland mit den Fl√ºchtlingen nicht alleine lassen.""

Wann reden sie endlich davon, die Gefl√ºchteten nicht alleine zu lassen?

#mitBetroffenenreden #Moira #MORIABRENNT #SeehoferRuecktritt #WirHabenPlatz #MoriaCamp"
1317551342714585088,2020-10-17 19:41:33+00:00,"@DonnamarieCana2 @guardian #refugeeswelcome right?

https://t.co/QXaC8eJJNI"
1327021494778679298,2020-11-12 22:52:33+00:00,@StateHouseKenya @lindahoguttu @StateHouseKenya yesterday I received the highest presidential award from the president of the federal republic of #Germany for my contributions to integrating refugees and immigrants in #BundesrepublikDeutschland and also for my charity work in #kenya with #HomeCareInternational
1208490877041225728,2019-12-21 20:54:12+00:00,"#JustLikeYou lyric video includes newspaper clips about subjects like #refugeeCrisis #BlackLivesMatter #PoliceBrutality #brexit #MeToo #MentalHealth #GenderIdentity and #LGBT 
Thank you for finding ways to speak out even when your contracts and NDAs don't allow it Louis."
1205762743267184641,2019-12-14 08:13:34+00:00,#Brexit : Kommt jetzt ne neue #Fl√ºchtlingswelle? Und was sagt die #AfD dazu https://twitter.com/allwaysNoDev/status/1205761282395320321
1173000877982060544,2019-09-14 22:29:37+00:00,Today we welcomed Carol from #WelcomeRucksack to speak to us about the #AsylumSeekers we are helping with our fundraising. We made welcome cards for the backpacks. We presented Carol with a table full of donations. @NorwichSOS @guidingnorfolk
1322188682921607170,2020-10-30 14:48:41+00:00,@LivingScribe Have 18 year-old Muslim refugees simply tried not beheading innocent people?
1207006596246786049,2019-12-17 18:36:12+00:00,"Migrant arrivals in Europe from Turkey nearly double. According to a confidential EU report, 70,000 migrants have crossed from Turkey to the EU this year. The numbers raise questions about whether an #EUTurkeyDeal is unravelling https://www.dw.com/en/migrant-arrivals-in-europe-from-turkey-nearly-double-in-2019/a-51702064 #RefugeeCrisis #HumanRights"
1327289754686283778,2020-11-13 16:38:32+00:00,"A little something for the Twitter and Facebook refugees that are on their way to Parler, Mewe and back to Myspace https://t.co/OhcmrPfvVL"
1295276962383110144,2020-08-17 08:31:07+00:00,"""The #Greek #government has secretly expelled more than 1,000 #refugees and then #abandoning them in inflatable life rafts."" https://t.co/tw7enutOCH #Immigrants #nytimes #Asylum"
1180523040242896896,2019-10-05 16:40:00+00:00,"Panne bei Regierungsflieger: Seehofer sitzt drei Stunden fest


 #Abend #Airbus #bild #CSU #Fest #Fl√ºchtlingskrise #HorstSeehofer #K√∂ln #Kurz #laut #Luftwaffe #Migration #M√ºnchen #Panne #Passagiere #R√ºckflug #R√ºckreise #Seehofer #Sicherheit #Uhr #Zeitung https://presse-augsburg.de/panne-bei-regierungsflieger-seehofer-sitzt-drei-stunden-fest/496966/"
1291027399182876672,2020-08-05 15:04:52+00:00,Can you help? Hosts needed to prevent #AsylumSeekers returning to the streets. Read more üëá https://t.co/BdKIDT1uXn
1272659013637996544,2020-06-15 22:35:28+00:00,"Bin positiv √ºberrascht ! @EKD @landesbischof 
Auch als Kirche darf man eine gesellschaftliche Haltung einnehmen und sich gegen das Sterbenlassen einsetzen. Jesus h√§tte sicherlich nichts dagegen gehabt. #SeaWatch #EKD #Seenotrettung https://t.co/a0X3iM1apZ"
1225347806128418816,2020-02-06 09:17:37+00:00,"Aufruf der #Seebr√ºcke in #Dortmund zum #Aktionstag #WirHabenPlatz am 08.02.: Die Aktivist*innen fordern die Aufnahme von gefl√ºchteten Kindern und Jugendlichen aus #Griechenland #refugeeswelcome #SichererHafen


https://www.nordstadtblogger.de/dortmund-als-sicherer-hafen-fuer-gefluechtete-kinder-und-jugendliche-in-griechenland-soll-thema-im-rat-werden/#comment-19319"
1292875942424129538,2020-08-10 17:30:19+00:00,@chriswalton80 @liamyoung The question is: why not the UK?Why shouldn‚Äôt they come here? Why shouldn‚Äôt they have a right to choose where they seek asylum? #RefugeesWelcome
1243112379933757440,2020-03-26 09:47:41+00:00,"‚ÄûWir haben in dieser Situation zwar allen Grund, europ√§ischen Zusammenhalt zu √ºben. F√ºr einen weiteren europ√§ischen Zentralisierungsprozess, der mit #Eurobonds begonnen wird, spricht jedoch nichts.‚Äú
Sehr lesenswertes v @schnellenbachj - u.a. zu #Eurobonds 
http://wirtschaftlichefreiheit.de/wordpress/?p=27003"
1305057643027984384,2020-09-13 08:16:03+00:00,@SEENOTRETTUNG You need to provide proof.
1196630209497378826,2019-11-19 03:24:08+00:00,"Yet another atrocious safe third country agreement, this time signed w/ Guatemala. Basically, it means almost any #AsylumSeeker who enters the US w/out a visa can be sent by the US govt to Guatemala in order to first seek protection there. It‚Äôs an absurd &amp; inhumane agreement: 1/ https://twitter.com/Haleaziz/status/1196540739892596736"
1258308633449893888,2020-05-07 08:12:11+00:00,"@nicolabeerfdp @fdp @fdpbt @Otto_Fricke @florian_toncar Fr Beer,  die V√∂lker der #EU sind nicht bereit f√ºr eine #Fiskalunion.  Ein derartiges Vorhaben oder Vorgehen w√ºrde zumindest #Euroland sprengen,  wenn nicht die ganze #EU.  Finger weg davon - so f√ºr  3 Generationen."
1307586197791944705,2020-09-20 07:43:37+00:00,"Great you talking about Folkestone, Thanks you, don't forget to visit our https://t.co/V3zeJX78lD website  RT @ADShimmin: RT @BridgeeCee: Message on the beach at #folkestone this morning #refugeeswelcome #refugeesalwayswelcome https://t.co/o0keKs0VZL"
1242945701782474757,2020-03-25 22:45:22+00:00,What happens when social distancing isn't possible? Our Head of Humanitarian Programs @maximem talks about the impact of the global pandemic on #refugees and displaced people around the world. #COVID19 https://t.co/VTNrIt3WYR
1237245746128343040,2020-03-10 05:15:47+00:00,"Komisch, dass so viele ""#Fl√ºchtlinge"" nach üá©üá™ wollen, obwohl man aufgrund der Berichterstattung in den √ñR meinen k√∂nnte, dass das 4. Reich kurz bevor steht. ü§î
Man kann nur auf die Nachbarn hoffen... Sonst kommen sie halt mit dem ‚úàÔ∏è #Drehhofer 

#IStandWithGreece #Einheitspartei"
1242541265901834242,2020-03-24 19:58:17+00:00,#LeaveNoOneBehind: Prevent the Corona catastrophe now - also at the external borders! - Sign the Petition! https://t.co/ZRf53GRvab via @UKChange
1256197177476603906,2020-05-01 12:22:00+00:00,Nichts zuzuf√ºgen ... danke @sascha_p ... #FlattenTheCurve #WirSchaffenDas #WirSindHilfe #LetsPutSmartToWork #Think2020 #LetsPutSmartToLearn https://twitter.com/sascha_p/status/1256154905162575873
1169133381411643394,2019-09-04 06:21:34+00:00,Seenotrettung √ºberall #rettungsboot #hamburg #welovehh #welovehamburg #safepassage #√∂velg√∂nne #elbstrandhamburg #finkenwerder #finkenwerderundzur√ºck #diestadtbleibtbunt #refugeeswelcome #seewatch #igramershamburg‚Ä¶ https://www.instagram.com/p/B1-qKl1gRoy/?igshid=1ggnmbcymmuq8
1310958773935247360,2020-09-29 15:05:02+00:00,Hi @EUHomeAffairs @Interieur_Gouv @BMI_Bund @ministerieJenV @ukhomeoffice camps on the Greek islands are a humanitarian catastrophe. Please act to urgently relocate refugees! #RefugeesWelcome #LeaveNoOneBehind https://t.co/CdJwckY27h
1322066499058700288,2020-10-30 06:43:10+00:00,"Der radikale Islamist, der in #Nizza in der Kirche drei Menschen ermordet hat, ist ein #Fl√ºchtling, der √ºber #Lampedusa eingereist ist.

Was sagt #Carola Rakete dazu?

Und die anderen #Schlepper?

Seid ihr stolz auf euch?"
1247423447107584000,2020-04-07 07:18:20+00:00,"RT @koppest: SHG-Kliniken Voelklingen hospital üá©üá™, in the cross-border area of the Greater region close to üáßüá™, üá´üá∑ and üá±üá∫ is admitting #covid19 patients from üá´üá∑ who need critical support.
#EUSolidarity #coronavirus #cohesionpolicy #interreg https://t.co/kQntRUXse5"
1202030826726285317,2019-12-04 01:04:16+00:00,"Why is this not an #invasion? 
Even the heavily guarded borders of Hungary are not 100% safe for #IllegalAliens - #immigrants ... 
#remigration #endOfEurope https://twitter.com/FDW_VB/status/1201767103667286016"
1196013864997048320,2019-11-17 10:35:00+00:00,#Seehofer will #Asylverfahren der #EU reformieren ¬ª Staseve Aktuell - ... http://staseve.eu/?p=123682 via @Fruehwald
1303608350287048709,2020-09-09 08:17:05+00:00,"Keine Zeit mehr f√ºr Ausreden! Rettet die Menschen aus #Moria. H√∂rst #Seehofer muss endlich seine Blockade aufgeben und es allen St√§dten, die aufnahmebereit sind, erm√∂glichen, zu helfen. 
#LeaveNoOneBehind #wirschaffendas https://t.co/QcoJdP3kWx"
1300806147583225858,2020-09-01 14:42:08+00:00,"Wien hat Platz! Gestern hat sich die Stadt #Wien f√ºr die Aufnahme von 100 minderj√§hrigen Gefl√ºchteten aus den griechischen Lagern ausgesprochen. Sorgen wir daf√ºr, dass andere Gemeinden dem Beispiel folgen: 
#WirhabenPlatz #RefugeesWelcome"
1315717761109286912,2020-10-12 18:15:33+00:00,Und in der Mehrzahl sind es nicht mal Fl√ºchtlinge. https://t.co/bgtWMPsoPw
1196791998520406016,2019-11-19 14:07:02+00:00,"@silviamartin #SomaliMuslim Immigrants Stealing MILLIONS in Welfare from #Minnesota #RefugeesNOTwelcome
#DeportThemALL
https://canadafreepress.com/article/somali-muslim-immigrants-stealing-millions-in-welfare-from-minnesota"
1301078095785611266,2020-09-02 08:42:45+00:00,"This is an excellent, nuanced overview of where Germany stands on refugee integration 5 years after #WirSchaffenDas: lots of progress on jobs, housing, education and clear policy lessons on how to facilitate successful integration - threadüëáüèº https://t.co/SEFlcH8Xc5"
1237328630113501185,2020-03-10 10:45:08+00:00,"#Fl√ºchtlingskrise - so kann man einen Akt der Aggression gegen einen souver√§nen Staat nat√ºrlich auch nennen.


#Griechenland #Laschet #Syrien https://twitter.com/ArminLaschet/status/1237324525806723072"
1214860755792736258,2020-01-08 10:45:49+00:00,"Folge der #Eurokrise seit 2010: #Armut, Hunger #Obdachlosigkeit in nie gekanntem Ausma√ü sowie Explosion der #sozialenUngleichheit... Aktienkurse, Immobilien + Anleihen sorgen daf√ºr, da√ü eine kleine Gruppe von Menschen immer wohlhabender wird. https://youtube.com/watch?v=pGKCx9eJ0ZQ"
1248189763179483137,2020-04-09 10:03:24+00:00,"Unser Abschlussstatement zur gestrigen Mahnwache zu #LeaveNoOneBehind:

https://t.co/b6Cdiyuzwi"
1185199427604099072,2019-10-18 14:22:18+00:00,"Wenn wir uns nach dem Austritt der Briten wegen fehlender Sperrminorit√§t in der EU gar nicht mehr gegen eine #Schuldenunion wehren k√∂nnen, und damit den gleichen Fehler machen wie damals die #USA, klingt die Freude √ºber eine #BrexitDeal fast wie Hohn."
1284858246725947393,2020-07-19 14:30:52+00:00,Sounds like the type of tack Amazon takes by calling it‚Äôs employees ‚Äòassociates‚Äô. Change the title to make people feel better about their situation. #bull #refugees #HumanRights https://t.co/6xQ1hdB9od
1311011695695929346,2020-09-29 18:35:20+00:00,"Klausurfrage: 
Asylbewerber gibt beim Bundesamt Migratiin/Fl√ºchtlinge ohne mitgef√ºhrte ""Papiere"" falsche Personalien an, bei einem Restaurant-Besuch aber seine richtigen. Welcher Straftaten/Ordnungswidrigkeiten ist er verd√§chtig?"
1197158116971950080,2019-11-20 14:21:51+00:00,".@Refugees reminding UN Member States at the 30th Anniversary of the Convention on the Rights of the Child that the #CRC applies to ALL #children EVERYWHERE irrespective of if they are #Refugees #AsylumSeekers, #InternallyDisplaced or a certain ethnicity, nationality or faith"
1200814759362383872,2019-11-30 16:32:03+00:00,#Migranten #Platzverweis #l√§cherlich #refugeesNOTwelcome #M√§nner werden aus #Club geworfen und r√ºcken mit #Waffen an via @welt https://www.welt.de/regionales/baden-wuerttemberg/article203943702/Maenner-werden-aus-Club-geworfen-und-ruecken-mit-Waffen-an.html
1178263148677210112,2019-09-29 11:00:00+00:00,Did you know? The #EU has contracted 63 humanitarian projects with 21 organisations to support refugees in #Turkey. The EU is continuing to work in close cooperation with Turkey for refugees. @eu_echo wishes you a great weekend! #EUsolidarity
1242495642401996802,2020-03-24 16:57:00+00:00,"Wars don't stop because of #COVID19.

Neither will we.

#LeaveNoOneBehind"
1246818668698308611,2020-04-05 15:15:10+00:00,"Auch vor dem Rathaus Kreuzberg waren Fu√üspuren zu entdecken.
L√∂st alle Lager auf und evakuiert die Lager in Griechenland! Denn #wirhabenplatz!
#leavenoonebehind #b0504 #refugeeswelcome"
1283315568519647232,2020-07-15 08:20:49+00:00,"Wenn ich mir das M√§dchen so ansehe, dann sch√§me ich mich ein Mensch und Vater zu sein. #Fl√ºchtling #Deutschland #EU https://t.co/HsAgQEzjoS"
1227538192137703424,2020-02-12 10:21:26+00:00,Really lovely story about a boy from Syria who is now the star of the local rugby team despite never having played rugby before he moved to Wales https://www.walesonline.co.uk/news/wales-news/young-syrian-refugee-who-star-17712523 #RefugeesWelcome
1263901766359359488,2020-05-22 18:37:17+00:00,"#healthinequalities in England are worsening during #COVID19. 


In our @DOTW_UK Rapid Needs Assessment, read how #asylumseekers #sexworkers #peh #irregularmigrants #gypsyromatraveller &amp; others are being further excluded during the pandemic and what must urgently be done about it. https://twitter.com/DOTW_UK/status/1263811556959309825"
1234962116475531267,2020-03-03 22:01:27+00:00,"Finde es toll, dass heute so viele Menschen bei den #WirHabenPlatz-Demos auf die Stra√üe gegangen sind
F√§nde es noch besser, wenn auch Menschen f√ºr #WirWollenNichtDassRusslandNochMehrMenschenInDieFluchtBombt demonstrieren w√ºrden.
Denn dann k√∂nnten wir uns die anderen Demos sparen."
1184955586888290304,2019-10-17 22:13:21+00:00,"@LSenbet: What kind of precautionary measures #Ethiopia need to take on #eurobonds even if the issue differ from country to country ? 
CC @mihretum @EyobTolina @GirumTweets @DonaldKaberuka @LopesInsights @BelachewM @MelakuD @DGNegatu https://twitter.com/FTMidEastAfrica/status/1184665974072578048"
1291052360236638209,2020-08-05 16:44:03+00:00,"Never ending horrors!!!!
 I can not imagine hell being any worse. 

#EndHighschoolinSawa 
#EndTheNightmare 
#Eritrea
#Refugees 
#Yialk https://t.co/1krCO60Hoh"
1312027397466853376,2020-10-02 13:51:22+00:00,"I am pleased to join with the entire UN family to celebrate the International #NonViolenceDay &amp; #MahatmaGandhi's birthday anniversary.
#LeaveNoOneBehind https://t.co/wPyWW1zwS9"
1305526741482573827,2020-09-14 15:20:05+00:00,Hat Merkel schon vor Monaten einer neuen Fl√ºchtlingswelle zugestimmt? ‚Ä∫ Jouwatch https://t.co/6oFBquzTq5
1171099080648531969,2019-09-09 16:32:33+00:00,"#Fl√ºchtlingskrise 2015 bis heute - ein fortdauernde #Verfassungsbruch der #GroKo und #Merkel
-
#Asylanten #Asyl #Asylpolitik #Wirtschaftsfl√ºchtlinge #Wirtschaftsmigranten #EU #Fl√ºchtlinge #Asylbetrug #Steuerzahler #Steuer
-
Hier sehen Sie das #VIDEO dazu = http://www.berlinertageszeitung.de/component/yendifvideoshare/video/3610-fluechtlingskrise-2015-bis-heute-quot-ein-fortdauernde-verfassungsbruch-quot.html"
1303834255563337730,2020-09-09 23:14:45+00:00,"#WirHabenPlatz? Ja, wir HABEN Platz.

Fl√ºchtlinge kosten trotzdem (zun√§chst einmal) Ressourcen. Deshalb ist die Grundidee, dass das alle in der üá™üá∫ gemeinsam stemmen, eigentlich richtig.

Aber wenn sich nach #Moria keiner r√ºhrt, muss jemand den Anfang machen! #WirSchaffenDas"
1172376475397308418,2019-09-13 05:08:28+00:00,"Europ√§ische Fl√ºchtlings Politik?
Nat√ºrlich brauchen wir die, und hei√üen muss sie:
#Noasyl

Neuer EU-Fl√ºchtlingsschl√ºssel?: Berlin und Paris sagen Italien hohe Quoten zu
https://www.n-tv.de/politik/Berlin-und-Paris-sagen-Italien-hohe-Quoten-zu-article21269678.html"
1211436369647751173,2019-12-29 23:58:32+00:00,"This.
And migration will grow with climate change induced displacement compounded by exponential population growth. We need to figure out how to deal with this growing reality with compassion.


#RefugeesWelcome https://twitter.com/cbcradio/status/1211421637716987904"
1303688942739509251,2020-09-09 13:37:19+00:00,#FIDASRH #LeaveNoOneBehind https://t.co/ztNr70O0cY
1247859594765971456,2020-04-08 12:11:26+00:00,Sometimes a gut feeling is kinda right. We need to change this now! Where are you #Germany and what are you without Europe? #Eurobonds #Solidarity https://t.co/hXuRiV7CXb
1237821796482768897,2020-03-11 19:24:48+00:00,Through her art one #immigration detainee tries to hold onto her role as a mother. Immigration Detention: The Agony in Haunting Pictures http://bit.ly/2rYzZIE #ImmigrationReform #Immigration #AsylumSeeker @Tobarwriter @FirstFrndsnjny
1304163368899694597,2020-09-10 21:02:31+00:00,"#StandUp4HumanRights and in particular #SocialRights to #LeaveNoOneBehind! Well done @UNHumanRights! 3m followers, what an achievement! #HumanRightsMatter https://t.co/diKjeA21fv"
1242529244007337984,2020-03-24 19:10:31+00:00,"@PatBorm @polenz_r @C_Emcke Die #EU ist nur so solidarisch wie ihre 27 Einzelstaaten. Da ist eben kein √ºbergeordnetes Organ. Mehr als moderieren kann #Br√ºssel nicht. Und dann bekomm die Orbans, Macrons &amp; Kurzens mal unter einen Hut. Hat ja schon bei #refugees nicht geklappt. #Coronakrise"
1192036412658475008,2019-11-06 11:10:02+00:00,#IslamicState #bomb #refugeecrisis Knowledge is power site:Brit #MPs deslike attack on Syria http://bit.ly/1dg9UTW
1200093210384711685,2019-11-28 16:44:52+00:00,"Streit √ºber #EKD-""#Seenotrettung"".

Ich lese diesen Mist gar nicht mehr! Wegen Puls.

Nur eins: Wenn die ev. Kirche das tats√§chlich macht, trete ich aus. Und wenn das nicht Hunderttausende weitere auch tun, dann zweifle ich am Verstand der Deutschen! https://www.welt.de/politik/deutschland/article203874406/Seenotrettung-Kein-Asyl-Anspruch-Warum-bringen-wir-sie-dann-hierher.html&wtmc=socialmedia.twitter.shared.web"
1222565661802749953,2020-01-29 17:02:22+00:00,"We are told that the EU has learned its limits &amp; has stopped accreting power. But the EU cannot pull back as long as the #Euro  exists.¬†The logic of #monetaryunion is #fiscalunion &amp; a unitary superstate.  We had to join them totally, or leave them."
1321198901148422145,2020-10-27 21:15:39+00:00,"EUROPA LEAGUE - Thurs 29th Oct - LILLE V CELTIC kickoff @ 17:55

HAYES BHOYS CSC 
(Non Est. 2001) 
@ CAPTAIN MORGAN 
9 CLAYTON RD
HAYES, MIDDX
UB3  1AX

#HayesBhoysCSC
#HelpTheHomelessHillingdon
#HelpingHillingdon
#RefugeesWelcome
#GoodChildFoundation
#FoundationTuloy
#CelticBars https://t.co/N6gKwFLLJi"
1247787782837166085,2020-04-08 07:26:04+00:00,"The EU continues to mobilise all means to help member states coordinate their national responses against COVID-19. #StrongTogether #EUsolidarity

Protecting health üßë‚Äç‚öïÔ∏èüë©‚Äç‚öïÔ∏è‚öïÔ∏è
Ensuring mobility üöõ‚úàÔ∏è
Saving jobsüö¢üë∑üè¢
Research to save lives üî¨ü¶†
Fighting disinformation üì∞üì∫üì± https://t.co/OcHLHx9D0m"
1218282459021955072,2020-01-17 21:22:27+00:00,"The Children Who Can‚Äôt Afford to Be British 


#Immigration #Law #Migration #OpenDemocracy #RefugeeCrisis #Refugees #RefugeesWelcome


https://redrevolution.co.uk/2020/01/17/the-children-who-cant-afford-to-be-british/"
1311428851520753665,2020-09-30 22:12:58+00:00,"The country I live in has a new minister of higher education who‚Äôs facing disciplinary charges from his own university, and the country I‚Äôm from wants to build wave machines to force refugees to turn back to France. https://t.co/Cw7Jme46j6"
1229726314829144066,2020-02-18 11:16:15+00:00,The librarian of Moria ‚Äì and other tales of hope from the notorious refugee camp  https://www.theguardian.com/world/2020/feb/18/librarian-moria-tales-hope-refugee-camp #Lesbos #Moria #RefugeeCrisis #HumanRights #AsylumSeekers #OpenTheIslands
1254049930035036161,2020-04-25 14:09:37+00:00,"@BMISprecher ""Wenn 500 Millionen Europ√§er keine f√ºnf Millionen oder mehr verzweifelte Fl√ºchtlinge aufnehmen k√∂nnen, dann schlie√üen wir am besten den Laden ""Europa"" wegen moralischer Insolvenz. ""

Diese Worte von Norbert Bl√ºm sollten Sie beherzigen #LeaveNoOneBehind"
1250350849311666178,2020-04-15 09:10:47+00:00,"Outside much of the industrialized world, the #COVID19  nightmare is yet to start. How many will die when the #coronavirus rips through war-torn countries, crowded #refugee camps in #Syria or #Bangladesh &amp; teeming cities without functioning healthcare? https://t.co/SUtKILHDbl"
1263237331219333123,2020-05-20 22:37:04+00:00,@VMRConstancio This will not be accepted by the majority of the voters. A #debtunion will lead to more nationalist parties in the countries and instability of the EU. ‚ÄöWhatever it takes‚Äò will not work for the people and your job is/was to serve the people.
1197127224689876992,2019-11-20 12:19:06+00:00,"‚ÄúIn dark days, I think of refugees who have risked their lives to find safety, and of the difficulties they overcame. And that makes me truly feel alive.‚Äù @PatinkinMandy met inspiring refugees rebuilding their lives in Jordan. #StandWithRefugees 

http://bit.ly/2KyHA7O"
1201992771319582721,2019-12-03 22:33:03+00:00,"Regional Development &amp; Cohesion Policy post 2020 at a glance
For #EUbudget üí∂ 2021-2027, the @EU_Commission proposes to modernise #CohesionPolicy, the EU's main investment policy and one of its most concrete expressions of #EUsolidarity.
#EUStrivesForMore https://eu.smh.re/4vE"
1195207139670855682,2019-11-15 05:09:22+00:00,"@_FriedrichMerz Und ihre CDU ist hauptverantwortlich daf√ºr, daneben noch f√ºr die Einf√ºhrung der #Schuldenunion und #Transferunion im EUR Land und 1.000 Mrd‚Ç¨ wertlose #Target-Forderungen. Nie wurde in 14 Jahren so viel Volksverm√∂gen vernichtet. Deshalb: #NieMehrCDU"
1176011764741410816,2019-09-23 05:53:48+00:00,"""More important than ever that we come together and strive for common solutions to global challenges.""

There is an ongoing genocide in #Syria.
The #UN is biased towards the regime.
Syrians ask you:
""If you are going to allow the killing on us, please #OPENTHEBORDERS to #Europe."" https://twitter.com/AnnLinde/status/1175856400704114688"
1172861097810042880,2019-09-14 13:14:11+00:00,"When Africa came to #Barcelona - Barcelona became #Africa.

#BanIslam #Reconquista #Espa√±a #Spain #VOX  #Espana #Islam #crime #remigration #RemigrationNOW https://twitter.com/BasedPoland/status/1172859899526754304"
1322613414326317058,2020-10-31 18:56:25+00:00,"@marcomendicino 20Joun2018(Refugee Day),
Global Compact #ForRefugees Dec2018,
20June2019(Refugee Day),
Passed with no results,
More stuck asylum seekers&amp; refugees in hosts,
More years of wait,
More losses,
Less resettlement,
Rescue Iraqi asylum seekers&amp;refugees
#StandWithIraqiRefugees
In Turkey"
1210665831325151234,2019-12-27 20:56:41+00:00,"@MitschAlexander Hauptproblem der kranken Krankenkassen, sind vor allem Eure sogen. ""Fl√ºchtlinge"". #Wirschaffendas muss sofort beendet und eine gro√üe #Verabschiedungskultur begonnen werden."
1245451944723918851,2020-04-01 20:44:17+00:00,"https://t.co/M3zqhZqm5t
please please have a read if you haven't already 
#review #book #thebeekeeperofaleppo #refugee #blog"
1311107628865654784,2020-09-30 00:56:32+00:00,@raphstar SP√ñ üáπüá∑ SCHREIT NACH MEHR FL√úCHTLINGE!!!!!!!
1172817536024547330,2019-09-14 10:21:05+00:00,"Apropos #Kraftakt f√ºr wirksamen #Klimaschutz, wie l√§uft bisher die #nationaleKraftanstrengung bei der Abschiebung abgelehnter Asylbewerber, um geltendes #Asylrecht durchzusetzen, @RegSprecher? https://twitter.com/RegSprecher/status/1172782692951351297"
1233477077715816448,2020-02-28 19:40:26+00:00,"@amnesty 'The #EU Commission must also urgently coordinate any support that might be required to #Greece and #Bulgaria to ensure asylum-seekers have access to adequate reception and asylum procedures'

#SafePassage
#OPENTHEBORDERS
#SpeakUpForIdlib
#Syria"
1254390848336343042,2020-04-26 12:44:18+00:00,@faznet In 2015 wurde der #Widerstand gegen mehr #√úberwachung mit der #Fl√ºchtlingswelle gebrochen. 2020 will man das #Coronavirus zur totalen und permanenten √úberwachung nutzen.
1195428275729977344,2019-11-15 19:48:05+00:00,#IslamicState #bomb #refugeecrisis Knowledge is power site:Brit #MPs deslike attack on Syria http://bit.ly/1dg9UTW
1230577677142241283,2020-02-20 19:39:15+00:00,"Kann mir vorstellen, dass Bilder von verelendenden Fl√ºchtlingen in Griechenland das Menschenbild bei uns ver√§ndert hat.
Sie bef√∂rdern das Gef√ºhl, auf der Gewinnerseite zu sein und damit auf der Seite die bestimmt, wer auf der Verliererseite zu sein hat.
#Asylrecht"
1319513773284229120,2020-10-23 05:39:33+00:00,"@joelcomm @electroneum Welcome to the future 
#Electroneum 
#AnyTask 
#TaskSchool 
#LeaveNoOneBehind https://t.co/EsLfsYYn7I"
1306927416879788033,2020-09-18 12:05:52+00:00,Hi @EUHomeAffairs @Interieur_Gouv @BMI_Bund @ministerieJenV @ukhomeoffice camps on the Greek islands are a humanitarian catastrophe. Please act to urgently relocate refugees! #RefugeesWelcome #LeaveNoOneBehind https://t.co/oQOdydJiAe
1322121412363096065,2020-10-30 10:21:23+00:00,"Terrorist, 21, who killed three in Nice church rampage just weeks after arriving in France via Lampedusa. No doubt the #UsefulIdiots lefties like @_KRAN_ would have been out with their #RefugeesWelcome signs if he‚Äôd crossed the Channel https://t.co/WS4vkvojMH via @MailOnline"
1287479735828783104,2020-07-26 20:07:43+00:00,"Well done guys! I am sure that students who will attend to the tech competition in Turkey will be among the best... And happy to see that @Tika_Turkey project is successful, sustainable and provide to many students to learn more about sciences

#LeaveNoOneBehind
#EducationForAll https://t.co/bMWinuduE1"
1262085979441152000,2020-05-17 18:22:00+00:00,"""Leaving no-one behind means that the voices of people with disabilities need to be heard, to ensure that #CleanCooking for all includes every body"" https://t.co/96f1hEU4BG #SDG7 #CleanEnergy #LeaveNoOneBehind via @UKMECS @amita_bhakta"
1251880529030512640,2020-04-19 14:29:11+00:00,‚è¨ MUST READ #LeaveNoOneBehind #seebruecke https://t.co/LhSuDJDaNL
1305115571567104000,2020-09-13 12:06:14+00:00,"@nikitheblogger Du kleiner L√ºgner! F√ºr normale B√ºrger ist das korrupte Regime um Orban kein Ma√üstab und Kurz ist ein kleiner Populist! Und die Niederl√§nder nehmen Fl√ºchtlinge auf, du kleiner, staatszersetzender L√ºgner! Was hast du davon Unwahrheiten zu verbreiten? https://t.co/ePsOccx7TS"
1265350605192790018,2020-05-26 18:34:28+00:00,"@FDPKarlsruhe und @CDUKarlsruhe reagieren mal wieder w√ºtend, wenn man eine Patenschaft f√ºr ein Rettungsschiff beantragt. #Seenotrettung #Karlsruhe"
1234498175345528833,2020-03-02 15:17:55+00:00,"What‚Äôs happening to refugees in Greece and Idlib is absolutely heartbreaking üíîüíî!! 

We are witnessing dehumanising of millions of men, women and children ! 

#refugee #Refugees #Idlib"
1263072071808057349,2020-05-20 11:40:23+00:00,"@UNHCRCanada @JamousRema @AlioMustafa @JumpstartCDN #COVID19 #StayHome #ÿÆŸÑŸäŸÉ_ŸÅŸä_ÿßŸÑÿ®Ÿäÿ™
#UNHCR #PleaseHelp #StayHome
#StayAtHome

Many families of Iraqi #Refugees still waiting in #Turkey so many years for #hope to #live freely &amp; in dignity and in #Peace
Do not leave us #disappointed from #Humanity and #hrw 

Save our #chidren"
1308299505612156928,2020-09-22 06:58:03+00:00,"@manaf12hassan Ich sehe verbitterte, sexuell frustrierte, m√§√üig intelligente Weiber, die hoffen, dass sich wenigstens ein ""Fl√ºchtling"" f√ºr sie interessiert, wenn sie schon ein Deutscher nicht mit der Kneifzange anfassen w√ºrde."
1183335484040400898,2019-10-13 10:55:39+00:00,Doctor of Lampedusa: The man who saved thousands via @RTENewsNow #refugees #IWelcome #RefugeesWelcome  https://www.rte.ie/news/world/2019/1011/1082686-pietro-bartolo/
1318456446435102720,2020-10-20 07:38:07+00:00,"Lustig, der verwirrte Christian Neureuther beklagt den Bau von H√§usern, Stra√üen usw. im #BR #Stammtisch am 18.10.2020.
.
.
.
.
.
.
.
.
.
.
.
#WirHabenPlatz 
.
.
.
.
.
schrien sie. https://t.co/7RThMtucOB"
1253370209307680774,2020-04-23 17:08:39+00:00,"#Leipzig has space for people from the EU-Hotspots! Show your support for the evacuation of these camps by sending us your pictures in front of empty buildings in Leipzig - Let's say it loud and clear: #WirHabenPlatz #RefugeesWelcome


#LeaveNoOneBehind"
1305796279860170753,2020-09-15 09:11:08+00:00,"#WirSchaffenDas? Wir wollen das nicht schaffen! Ein fatales Signal. #Merkel &amp; #Seehofer kriegen nie genug #Migranten. 1.500 ""#Fl√ºchtlinge"" sollen von #Lesbos (#Moria) geholt werden. Immer sind es Ausnahmen&amp; Notsituation.  Wer's glaubt.. / Q: https://t.co/TNv8AORUed https://t.co/UEJz6B3NIk"
1251858575867228160,2020-04-19 13:01:57+00:00,"@ArminLaschet Geil, es gibt jetzt soziale Gerechtigkeit im Schulsystem? Dann nix wie hin! #SchulboykottDE #LeaveNoOneBehind"
1305539293297938432,2020-09-14 16:09:57+00:00,"@katjakipping @dieLinke Warum genau sollte man Moria evakuieren?
S√§mtliche Fl√ºchtlinge genie√üen dort in einem sicheres Asyl. 
Das dort nun asoziale Feuer gelegt haben ist nicht unser Problem. 
Zuallererst sollten diese Elemente gesucht werden, bevor man Gefahr geht sowas nach D zu transportieren"
1192910169635774464,2019-11-08 21:02:02+00:00,#refugees #refugeecrisis 1 author encyclopedia site:Will Islam take over Europe or will #Muslims gradually integrate http://bit.ly/SesVJ7
1210495898733731840,2019-12-27 09:41:26+00:00,"100.000de Messerm√§nner ins Land schleusen und dann Messerverbotszonen einf√ºhren wollen! 
#Merkel #SPD #CDU #CSU #Fl√ºchtlinge #Idioten https://twitter.com/ZhangDanhong/status/1210489941190426624"
1249806662808096769,2020-04-13 21:08:23+00:00,"Jeder Mensch hat das Recht auf Leben, Freiheit und Sicherheit der Person. #LeaveNoOneBehind  https://t.co/ryWb0uSkpq"
1246887585802342401,2020-04-05 19:49:01+00:00,#LeaveNoOneBehind Spuren wurden hinterlassen am #Gabenzaun in Eimsb√ºttel. https://t.co/OA3cezzkor
1316172230611611649,2020-10-14 00:21:27+00:00,Hi @EUHomeAffairs @Interieur_Gouv @BMI_Bund @ministerieJenV @ukhomeoffice camps on the Greek islands are a humanitarian catastrophe. Please act to urgently relocate refugees! #RefugeesWelcome #LeaveNoOneBehind https://t.co/gFQ84ak8Dk
1263843022313119746,2020-05-22 14:43:52+00:00,"Die Verwaltungsgerichte d√ºrfen im #Asylverfahren kein Religionsquiz veranstalten - m√ºssen aber gr√ºndlich pr√ºfen, was es mit der Konversion auf sich hat, stellt das @BVerfG  klar. https://goto.lto.de/2Xlb0vB"
1310924208155824128,2020-09-29 12:47:41+00:00,Coronavirus: More than 200000 refugee children out of school in Ethiopia ‚Äì UN #strongercommunities via: @vanguardngrnews https://t.co/2PZdGicFbj
1240702823580332033,2020-03-19 18:12:58+00:00,"ABUSED. Greek security forces and armed men at the Greece-Turkey land border have detained, assaulted, sexually assaulted, robbed, stripped asylum seekers and migrants, then forced them back to Turkey, HRW reported. #migrants #humanrigths #asylumseekers https://rightscorridor.com/asylum-seekers-claim-assault-by-greek-security-forces-at-border/"
1259770500059930624,2020-05-11 09:01:07+00:00,Lessons from #Refugees #ResearchEthics in the Context of Resettlement in South America https://t.co/C3GwdCD4nm
1234232202826743810,2020-03-01 21:41:02+00:00,"Willkommen in ihrem starken Europa, in dem #Griechenland gerade das Menschenrecht auf Asyl ausgesetzt hat.

#EUamArsch #EU #Fl√ºchtlinge https://twitter.com/HeikoMaas/status/1233480040433815553"
1181608864501948417,2019-10-08 16:34:41+00:00,Look @Retasleeds @lassnleeds @PAFRAS_Leeds @refugeecouncil please promote to your networks! #RefugeesWelcome #refugeecrisis https://twitter.com/LeedsTrinity/status/1181552617459261442
1270785370339323906,2020-06-10 18:30:16+00:00,"ICYMI: Canada must prepare for #refugees who are fleeing displacement not because of persecution but because of pandemics, climate change and natural disasters, says @NARFraser. @munkschool @PubPolicy_Munk #CdnPoli #CdnLaw #COVID19 https://t.co/M9ixUih61O"
1311741005989806081,2020-10-01 18:53:21+00:00,#LeaveNoOneBehind #SignLanguage https://t.co/1lbs0ApAAo
1177425112108171264,2019-09-27 03:29:56+00:00,You might think #impeachment was the only news today. It wasn't. Donald Trump drastically slashed the number of refugees who can enter the United States. It's white supremacy in action. We can't allow this to stand. #StandWithRefugees https://twitter.com/cws_global/status/1177410056507314176?s=21
1301866365326946304,2020-09-04 12:55:03+00:00,"What can we do as #ObGyns to help focus efforts on the #SRHR of refugee and migrant women and girls?

Take a look at @IJGOLive's piece here!

#WorldSexualHealthDay #SRHR #StandWithRefugees https://t.co/7pJy5ew7pD"
1238385959131021313,2020-03-13 08:46:35+00:00,"@ltc_hicks Aber die Hilfe Chinas in #Griechenland, einen #EU-Land, das von d-EU-tsch vernichtet worden war, hat wohl zur Vermeidung weiterer China-Hilfen in EU daf√ºr gesorgt, dass zB gg #Italien keine HARTE #Austerit√§t gefahren werden konnte."
1241265097575665664,2020-03-21 07:27:15+00:00,"Gemeinsame #Eurobonds zur Bek√§mpfung der #Corona-Krise
https://t.co/QzerViITb6"
1170671899422199818,2019-09-08 12:15:05+00:00,Looking for inspiration on what to cook this weekend? Check out these recipes brought to us from refugees &amp; migrants in Serbia. #RefugeesWelcome
1187682637412028416,2019-10-25 10:49:41+00:00,"@CDU_CSU_EP Falls nicht, macht euch doch mit den Menschenfeinden von der AfD ne Flasche auf.
#NieMehrCDU #Seenotrettung"
1315861371926581250,2020-10-13 03:46:13+00:00,@SEENOTRETTUNG @BelaB_official @stephanpalagan Danke @BelaB_official f√ºr diese klare Haltung. #LeaveNoOneBehind ‚úä
1303639532420698112,2020-09-09 10:20:59+00:00,"Viele Bundesl√§nder sind schon lange bereit, Menschen aus #Moria aufzunehmen, laufen aber bei Horst Seehofer gegen die Wand. Lass uns gemeinsam Druck auf Bundesregierung und Bundeskanzlerin machen! Unterzeichne jetzt! https://t.co/RlJM0MUVOC #WirHabenPlatz"
1246899580698058759,2020-04-05 20:36:40+00:00,"Wieso twittert ihr eigentlich immer #WirHabenPlatz anstatt #IchHabePlatz? 

Ich lebe in einer 45 qm Wohnung die nicht mal genug platz f√ºrn Haustier bietet!

Wenn ihr so tolle Menschen seit tragt Verantworung nehmt selber Leute bei euch zuhause auf statt andere dazu aufzufordern"
1263164488129351680,2020-05-20 17:47:37+00:00,@Nigel_Farage The #EU #France is thinking of France only #illegals #Eurobonds you don‚Äôt have to except this #Brexit
1308688276186955776,2020-09-23 08:42:53+00:00,"Spendet an:

LEGAL CENTER LESVOS
anwaltliche Hilfe, Verpflegung, Bildungsprogramme...
https://t.co/G8eKvYgaj2
Spendenquittung m√∂glich, registrierte non profit NGO

#LeaveNoOneBehind-KAMPAGNE
https://t.co/P1f0OfEnpc"
1252217053332664326,2020-04-20 12:46:25+00:00,Peaceful protest (#Day19) in Brisbane at Kangaroo Point #APOD detention centre by #refugees over #COVID19 infection fears. Photos supplied (20.04.20) #auspol #qldpol #coronavirus #Manus #Nauru #humanrights | @SBSNews https://t.co/p8foM5SmZq
1265607942927192067,2020-05-27 11:37:02+00:00,Our star performers getting their remuneration for their hard work during Ramazan. For me it‚Äôs pure labor of love üíì #craftstories #humaadnan #withrefugees #refugees https://t.co/NFzmPLUDim
1327139396869648384,2020-11-13 06:41:03+00:00,"@GlobalAgeing @medical_xpress üîµPurpose oF Human Life Is 2Serve &amp;2Show Compassion&amp; Will 2Help Others
üü¢Human Being Deserves 2Love &amp;Be Loved w/ Fear of Hate&amp; Persecution 
üü£Recognize URself in He&amp;She who Aren't Like U&amp;Me
üü°The Best Person is the One who Benefits all Human Beings‚Äº
https://t.co/462iP9e70v"
1265935264301617152,2020-05-28 09:17:41+00:00,"Friede den H√ºtten, Krieg den Glaspal√§sten:

#EUmussweg

#Euro
#SchuldenUnion
#ExitNow
#FeudalsystemEU"
1220022390291410945,2020-01-22 16:36:19+00:00,"There Should Be No Hierarchy of Rights for Displaced Children 


#EuropeanUnion #France #Greece #HumanRights #Italy #Migration #OpenDemocracy #Racism #RefugeeCrisis #Refugees #RefugeesWelcome


https://redrevolution.co.uk/2020/01/22/there-should-be-no-hierarchy-of-rights-for-displaced-children/"
1171528068214611969,2019-09-10 20:57:12+00:00,"Genau und deswegen sollten alle #Autobesitzer die bei #Taz arbeiten, sofort ihre Autos verkaufen bzw. gek√ºndigt werden. Klar, aber wenn ein #Fl√ºchtling ein Verbrechen begeht, ist die die #Migration trotzdem positiv. #Doppeldenk in Reinkultur https://twitter.com/tazgezwitscher/status/1171372752332369920"
1260169925362098176,2020-05-12 11:28:17+00:00,"Wisst ihr @SPDThueringen, es gibt Menschen, denen ist daran gelegen, dass Menschen in den Lagern nicht sterben, die sich seit Monaten f√ºr diese einsetzen. Euer Bashen nervt! Legt doch mal vor! #LeaveNoOneBehind #WirHabenPlatz #RefugeesWelcome 
https://www.tagesspiegel.de/politik/thueringen-streitet-um-fluechtlinge-aus-camp-moria-spd-wirft-gruenen-symbolpolitik-vor/25819286.html"
1321448472617328641,2020-10-28 13:47:21+00:00,"Kiffen ist nicht cool--

cool sind Massentierhaltung, Glyphosat, Korruption, Rassismusstudie blockieren, Hufeisen,Klimawandel, Pflegenotstand, Polizeigewalt leugnen, Fl√ºchtlinge in Moria dahinvegetieren lassen und alles wof√ºr die #NieMehrCDUCSU noch steht"
1292883038536437760,2020-08-10 17:58:31+00:00,I've just signed the open letter calling on @pritipatel to ensure the UK prioritises saving lives - rather than punishing #refugees and #migrants risking their lives to get to the UK by boat. Will you add your name?  https://t.co/mnhutvqQYo
1326540858494119938,2020-11-11 15:02:41+00:00,"Heute weitere Aufnahme von den griechischen Inseln: kranke Kinder und ihre Angeh√∂rigen (75 Menschen) sowie 42 unbegleitete Minderj√§hrige (von ihnen bleiben 7 in #Niedersachsen).

Viel zu langsam! Noch immer m√ºssen 19.600 Menschen auf den Inseln ausharren.
#LeaveNoOneBehind"
1327100062384619520,2020-11-13 04:04:45+00:00,@ICEgov go back man. sending refugees back to countries where they'll be tortured and murdered isn't defending any homeland.
1188472364427890689,2019-10-27 15:07:47+00:00,"...die Tore weit offen und keiner wei√ü wer, woher, mit welcher Vergangenheit hier herumkaspert ! 
Es scheint niemanden der Entscheidungstr√§ger zu interessieren, werden ja auch nie Opfer !
Danke #CDU #SPD Frau #Merkel &gt; #Berlin #Wien #Fl√ºchtlinge #Islam https://twitter.com/Einzelfallinfos/status/1186020523211395072"
1240663526013878278,2020-03-19 15:36:49+00:00,@NZZnbe war mit @SOSMedSuisse &amp; #MSF an Bord der #OceanViking und berichtet √ºber die Herausforderungen und das Dilemma der #Seenotrettung. @NZZ https://twitter.com/NZZAusland/status/1240601032981385216
1294654872357396484,2020-08-15 15:19:09+00:00,Asylum seekers on front lines of COVID-19 to have chance at permanent residency https://t.co/qQRXINYsi7 #COVID19 #canadavisa #permanentresidency #pr #AsylumSeekers
1311332136675430405,2020-09-30 15:48:39+00:00,"@joepublic121212 @SkyNews Controlling legal non EU immigration has nothing to do with the EU.

Priti has been talking about more routes for refugees. 

Sigh."
1307711637286248448,2020-09-20 16:02:05+00:00,"Wenn wir in der #EU keine gemeinsame und gerechte Migrationspolitik organisiert bekommen, wird #Moria kein Einzelfall bleiben. Jeder Mitgliedsstaat muss begreifen (evtl. auch durch #Sanktionen), dass diese Problematik nur international gel√∂st wird! #LeaveNoOneBehind #Fluechtlinge https://t.co/R8ftT4YDX2"
1294737791281242115,2020-08-15 20:48:39+00:00,"@Nigel_Farage @pritipatel More racist scaremongering abt a few desperate souls risking their lives to find a better future?#RefugeesWelcome

In other news we have the most corrupt govt ever &amp; our money is going to its cronies. Kids from poor areas are having exams marked down.

#removethetorygovernment"
1321947153862971398,2020-10-29 22:48:56+00:00,So beautifully expressed.  #RefugeesWelcome https://t.co/nHt257VM6M
1244275616465276929,2020-03-29 14:49:59+00:00,"Kommt zur onlinedemo! Auch in Zeiten von kontaktsperren, m√ºssen wir gemeinsam laut sein!
https://t.co/dYjFrQIsZV

#LeaveNoOneBehind
#Europemustact
#migrantifa https://t.co/g2RGHNscPW"
1255703352098402305,2020-04-30 03:39:43+00:00,@nulleberg Ich habe zugunsten unserer Zukunft #Refugees #migrants #LeaveNoOneBehind  liebend gerne verzichtet. Unsere Kinder sollen es ja mal besser haben ... #coronavirus
1327103914567553025,2020-11-13 04:20:04+00:00,@FGO_BBchans „ÅÑ„Åà„Éº„ÅÑÔºÅ(‚âß‚ñΩ‚â¶)
1264471803935756289,2020-05-24 08:22:25+00:00,"#Euro-gruppen-Chef M√°rio #Gomes, Mitglied der Parlamentariergruppe des Partido Socialista (PS) im portugiesischen Parlament, hat den deutsch-franz√∂sischen Vorschlag f√ºr einen 500 Mrd. Euro europ√§ischen #Wiederaufbaufonds als Fortschritt auf dem Weg zu einer #Fiskalunion gelobt. https://twitter.com/faznet/status/1264453832026787840"
1187799544236523520,2019-10-25 18:34:14+00:00,"""#Seenotrettung"" #Mittelmeer-#Schleuserbeihilfe
Manchmal stimmen sogar auch #CDU/#CSU-Abgeordnete noch vern√ºnftig ab! https://twitter.com/iBlali/status/1187753152210264064"
1244762399367979008,2020-03-30 23:04:17+00:00,"@guyverhofstadt Your corrupt Empire is crumbling around you. Italy will be next to leave the European Union dictatorship, followed hopefully by Greece. 
Defeated by a micro-organism, open borders and no willingness to help member states suffering the worst. #ByeByeEU üñêüñêüñê #Italexit #Grexit"
1296007209751633922,2020-08-19 08:52:52+00:00,"@AthertonNWales Don‚Äôt turn off commenting - that‚Äôs WEAK! I‚Äôm so glad businesses and professionals are turning on you for your vile letter about refugees.

I do hope that many end up moving right next door to you. MANY. #RefugeesWelcome #AsylumSeekers welcome! https://t.co/yiSHhObZrs"
1229742114554220544,2020-02-18 12:19:02+00:00,"Showing some my #photograph work in group #exhibition, Uprooted, at Park Gallery, Callendar House, #Falkirk, curated by Euan Gray, it focuses on the #refugee #camps at #Calais. It runs from 1st Feb to 17th May 2020. 
https://www.falkirkcommunitytrust.org/whats-on/uprooted/"
1237712381528150018,2020-03-11 12:10:01+00:00,"Jedes Land der gesamten Welt inklusive Universum hat inzwischen aus der Fl√ºchtlingskrise 2015 gelernt, dass es keine gute Idee ist, jeden ungefragt &amp; ohne Kompromisse aufzunehmen.

Und in Deutschland breitet man zwecks Erhabenheits-Gef√ºhl derweil #RefugeesWelcome Banner aus."
1322872468219060224,2020-11-01 12:05:48+00:00,Tweetstorm #LeaveNoOneBehind ‚ù§Ô∏è heute ab 15 Uhr ‚¨ÖÔ∏èüìù https://t.co/s2YMyQoEAQ
1245627979255799808,2020-04-02 08:23:47+00:00,"tach vom trecker. wieder viel verkehr auf feld, wiesen und auch auf der a10 - wirtschaft kommt. #WirSchaffenDas #brandenburg"
1244393850740891649,2020-03-29 22:39:48+00:00,"We will be back on here tomorrow, holding the government to account, pressing for an urgent response to its action plan for #asylumseekers in #directprovision during #COVID2019IRELAND #Covid_19"
1234531151240421376,2020-03-02 17:28:57+00:00,Protect people seeking safety! #greece #OPENTHEBORDERS https://twitter.com/amnesty/status/1234527979201540098
1220147499169722368,2020-01-23 00:53:27+00:00,"There Should Be No Hierarchy of Rights for Displaced Children 


#EuropeanUnion #France #Greece #HumanRights #Italy #Migration #OpenDemocracy #Racism #RefugeeCrisis #Refugees #RefugeesWelcome


https://redrevolution.co.uk/2020/01/22/there-should-be-no-hierarchy-of-rights-for-displaced-children/"
1265662936288288771,2020-05-27 15:15:33+00:00,"#Refugee women: responding to #COVID-19. Join an amazing group of refugee women leaders as they discuss the impact of covid-19 on refugee women, their needs and opportunities to act! https://twitter.com/jessiecthomson/status/1265661451378794496"
1322614435886911488,2020-10-31 19:00:29+00:00,Terrorist attacks by militant refugees need to be stopped at any cost https://t.co/Ov463KT2mb
1258261997570924546,2020-05-07 05:06:52+00:00,"There will always be set-backs. But let‚Äòs not forget why we have built the EU, 75 years after the end of World War II. Why we need to continue to build üá™üá∫‚ÄºÔ∏è #EUvalues 
#EUsolidarity #StrongerTogether https://t.co/3KlmcMhtgf"
1200806056605163520,2019-11-30 15:57:28+00:00,"#EU   #BRD   #THEMA   #MIGRANTEN

‚ÄûChronik des  #Kontrollverlustes‚Äú: 

#Asylrecht verwandelte sich in... https://www.epochtimes.de/politik/europa/hans-juergen-papier-vorpruefungsverfahren-koennte-illegale-reise-in-die-eu-von-vornherein-verhindern-a3082581.html?fb=1"
1322148759602663424,2020-10-30 12:10:03+00:00,"Waren sie jemals anders.?
Hexenverbrennung, Adolf!,
Frauenfeindlich, Abtreibungsgegner, Kinder.....,
Seenotrettung.
Einfach austrocknen durch Austritt. https://t.co/TbnyZRVYj9"
1299670063344218112,2020-08-29 11:27:44+00:00,"We, the UN Refugee Agency @Refugees , are calling together with @UNmigration for urgent assistance to and disembarkation of #refugees and #migrants in distress in the #Mediterranean. @MVLouiseMichel @seawatch_intl https://t.co/WW5qniu62o"
1303580443212681217,2020-09-09 06:26:11+00:00,Seit Monaten wird auf die Situation in #Moria hingewiesen. Seit Monaten vor der Gefahr durch Covid gewarnt und nichts ist geschehen. Bringt die Menschen endlich in Sicherheit. Moria jetzt evakuieren. #LeaveNoOneBehind
1307708560701300736,2020-09-20 15:49:51+00:00,"Support shown across Scotland today in solidarity with those affected by the fires on Moria, Lesvos. 

#EvacuateMoria #WeHaveSpace #EuropeMustAct #RefugeesWelcome https://t.co/RcmgMBzrdC"
1186660581652226048,2019-10-22 15:08:24+00:00,Man geht mir dieses T√ºrken - Kurden Ged√∂ne auf den Keks...#Wirschaffendas https://www.derwesten.de/227428575?utm_source=Facebook&utm_medium=Social&utm_campaign=share
1189062905846734849,2019-10-29 06:14:23+00:00,#Migration : Die #Kosten der #Fl√ºchtlingskrise https://www.handelsblatt.com/politik/deutschland/migration-die-kosten-der-fluechtlingskrise/25146570.html?share=twitter
1313041237214076928,2020-10-05 09:00:00+00:00,"Erstmals seit neun Jahren ist die Zahl der in Deutschland lebenden Fl√ºchtlinge zur√ºckgegangen - und zwar auf 1,77 Millionen, 62.000 weniger als Ende 2019. Mehr dazu: https://t.co/Khi3uTztKF https://t.co/ZXdllyPUPO"
1327136463918657545,2020-11-13 06:29:24+00:00,"@Reuters @ReutersAfrica The killings were the acts of #TPLF and happened as #TPLF retreated! Not the Air strikes!
Pls check the Amnesty report!
""Air strikes and ground combat between Ethiopian troops and local forces in the Tigray region have killed hundreds, sent refugees .."" https://t.co/9ZD8ElHn2K"
1306284968650432512,2020-09-16 17:33:00+00:00,"@mhmd9533 Dann h√§tten die Leute in der T√ºrkei bleiben k√∂nnen.
Die EU hat bestimmt, dass das Land das Asylverfahren durchf√ºhrt, das als erstes betreten wurde.
√úbrigens: Es kommt den Fl√ºchtlingen zugute, wenn sie den Migranten vorgezogen werden."
1245302507854839812,2020-04-01 10:50:29+00:00,"Vor 15 Jahren habe ich die Intercessio GmbH gegr√ºndet - bisher war mir nicht nach Congrats zumute. Das  @_intercessio -Team sieht es anders.


Danke f√ºr die Blumen @Anna_Dollhaeubl  @U_KeuT @Caro_Sauer @CaroMatthiae  üíï
#Astimegoesby #IntercessioFamily #Wirschaffendas"
1236629732428562434,2020-03-08 12:27:58+00:00,"#DIW #EU #Euro #EZB #Bundesbank #√ñkonomie #Target2 #Transferunion #Merkel #CDU #CSU #SPD #AfD

#Fratzscher habe sich zu sehr darauf verlassen, dass ein polit. gew√ºnschtes Vorhaben unabh√§ngig von der wissenschaftlichen Begutachtung kommen werde. 

#Futschi

https://www.faz.net/aktuell/wirtschaft/evaluierung-am-diw-aufregung-um-marcel-fratzscher-16170871.html"
1236346404940939264,2020-03-07 17:42:07+00:00,"Das Gruppenbild der GJ-Delegierten dieses Mal aus aktuellem Anlass mit klarer Botschaft!
#ldksn #WirHabenPlatz #refugeeswelcome"
1304001762769149955,2020-09-10 10:20:22+00:00,"@O3rn3y @labiledeutsche so, also, - hat mich viel Zeit gekostet: Die Fl√ºchtlingspolitik der FDP habe ich gelesen. Ist im Internet auffindbar. Hier ging es aber um das Thema der ""besonders schutzbed√ºrftigen Fl√ºchtlinge aus Moria"" . 
Ich kenne einfach nicht viele FDP Mitglieder, die sich f√ºr die aktuelle"
1305783134563250176,2020-09-15 08:18:54+00:00,"Hier von einem NoName der #AfD kurz &amp; b√ºndig erkl√§rt, dass

- alle Fl√ºchtlinge Brandstifter sind,
- alle nach Deutschland wollen,
- die AfD der einzige Heilsversprecher ist und sein kann.

Damit einhergehend:
- Vorverurteilung
- Unterstellung
- √ºble Nachrede.

Erkenntnis: #FCKAFD https://t.co/ByQ7izVRBW"
1303603981973946368,2020-09-09 07:59:43+00:00,"Das ist eine humanit√§re Katastrophe mit Ansage. Wir sind Teil des Problems, wenn wir zuschauen. Seehofers Nein zur Aufnahme von Fl√ºchtlingen aus #Moria ist eine Schande. Wir k√∂nnen helfen. Wir wollen helfen. Wir m√ºssen helfen. Wiederaufbau? Aufl√∂sen und aufnehmen! #WirHabenPlatz https://t.co/8YUJxBvLGO"
1256315277689552897,2020-05-01 20:11:18+00:00,"As a recently settled refugee, Amina Ahmad is gratified to be able to give back to her adopted country and community. She's a mom of three and is hiring other refugee sewists, all moms, too. Order today! #refugeeswelcome #StrongerTogether 
https://t.co/yJUw4ug3Zu"
1219727726602543109,2020-01-21 21:05:26+00:00,"Quick - there's not much time to email your MP to ensure child refugees can reunite with family. I just emailed my MP, do the same now. #scrap37 #refugeeswelcome  http://act.newmode.social/615936985t"
1234477243923128321,2020-03-02 13:54:45+00:00,"#EU Calls Foreign Chiefs Meeting over #Greece #Refugee, #Migrant #Crisis https://t.co/u6HJaC4CWI https://t.co/3JylpQnWMi"
1297504537553580032,2020-08-23 12:02:42+00:00,"@AnnJohn30914404 @Shambles151 @Conservatives Indeed, it was never ever about #Takingbackcontrol or #Immigration or #Refugees or #Makingourownlaws or #FundingourNHS it was only ever about not paying tax on the huge fortunes hidden in tax havens and then adding to those huge fortunes exponentially!!!"
1298281285312544769,2020-08-25 15:29:13+00:00,"Yes, thank you @ByDonkeys the U.K. has just 1% of the 30 million displaced people around the world. We got 99 problems but refugees ain‚Äôt one #RefugeesWelcome https://t.co/2xbjTcgSze"
1234922604202545158,2020-03-03 19:24:27+00:00,"#Turkish President #RecepErdogan ‚Äì ill from #Coronavirus ¬†‚Äì About #Putin, #Idlib, #EU and the #Syrian #refugees ‚Äì Clairvoyant reading/#Psychic predictions March 3, 2020 ‚Äì by Clairvoyant House ‚ÄúDimitrinka Staikova and daughters‚Ä¶ https://t.co/DfFydAvJoU https://t.co/kjU8n3iKJs"
1221410336252792832,2020-01-26 12:31:31+00:00,"@PbaxterPeter @amjsutherland Not so much stockpiled as dusted off my English and Lincolnshire Flags to hoist on British Independence Day.
(Plus some favourite California Wine, Stilton with Port (Portugal is after all our oldest ally))
Cheers!!!

#GE2019
#LoveEurope
#ExitEU
https://m.youtube.com/watch?v=2YTKeeri7Xc"
1305858934306148353,2020-09-15 13:20:06+00:00,"@geli2611 @bettinakollewe @SPIEGEL_EIL @derspiegel Das einzige Land was ausser Deutschland noch mehr Fl√ºchtlinge aufnehmen will ist Luxemburg, sonst kein anderes. Nicht nur der Ostblock, informieren sie sich mal."
1236616165151125510,2020-03-08 11:34:03+00:00,"@ulrikeguerot Vor allem w√ºnscht sich d Mehrheit ein #Europa, in welchem nicht d von #EU hofierten + eingeladenen globalisierten Gro√ükapitalisten d Menschen ungestraft berauben + EU deshalb #Austerit√§t verordnet. Solange du #Kapitalismus nicht kritisierst -&gt; unglaubw√ºrdig!"
1266415257104203780,2020-05-29 17:05:00+00:00,Nearly a quarter of all ##Rohingya #refugee #children living in camps (between 6 months and 5 years-old) are #malnourished. (#bangladesh #crisis #myanmar #rakhine #ethniccleansing #genocide) https://t.co/ETXrZU8KuW
1211667062994550784,2019-12-30 15:15:14+00:00,@InitiativGruppe Marina Schmoll ist #Sonderbeauftragte f√ºr unbegleitete minderj√§hrige Gefl√ºchtete. Zum #Weltkindertag am 20.9. sprach sie √ºber die t√§glichen Herausforderungen ihrer Arbeit &amp; die Besonderheiten bei #Asylverfahren von Kindern und Jugendlichen. ‚ñ∂Ô∏è https://www.bamf.de/SharedDocs/Interviews/DE/BAMFzeigtGesicht/interview-schmoll.html
1321896422506029056,2020-10-29 19:27:21+00:00,"#AouissaouiBahrain: ‚ÄûAllahu akbar‚Äú-M√∂rder von #Nizza kam als #Lampedusa‚ÄûFl√ºchtling‚Äú nach Italien

Der Ratsvorsitzende der Evangelischen Kirche Heinrich #BedfordStrohm steht stolz an Deck des neuen Schiffs ""#SeaWatch4""
hat er ihn etwa damit eingeschleppt ?? https://t.co/qYQPombxHu"
1258702489597157376,2020-05-08 10:17:13+00:00,"gl√ºcklich, mit  Katerina am #Europatag √ºber #Griechenland zu sprechen: Wiege der #Demokratie, durch #Banken, #Austerit√§t in Schwierigkeiten, in der #Fl√ºchtlingspolitik von der #EU alleingelassen. Mit @ViolavonCramon dann versuchen, was f√ºr Ideen wir zu Europa entwickeln k√∂nnen. https://twitter.com/Gruene_TH/status/1258643570917093376"
1302277227522920448,2020-09-05 16:07:40+00:00,"#save12hkyouth Trapped in the black hole-After two-week detention in China, still no update about 12HK AsylumSeekers
Only thing we know is they are all taken to detention centre in Shenzhen&amp; Chinese cops will decide whether to arrest them formally by Oct1, according toChina‚Äôs law https://t.co/LSfr2ap4Rt"
1254773426150993920,2020-04-27 14:04:32+00:00,"#Netherlands churches urge Dutch government‚Äîand other nations‚Äîto care for children from #Greek #refugee camps
#orthodox_times @Oikoumene
https://t.co/hTf9NIcaCk"
1274669252318986240,2020-06-21 11:43:26+00:00,Unfassbar viel unqualifizierte Aussagen √ºber die Ausschreitungen in #Stuttgart ohne die Hintergr√ºndezu kennen ü§¶üèª‚Äç‚ôÇÔ∏èüò£ #Ausl√§nder #refugees
1235528015385329675,2020-03-05 11:30:08+00:00,"Happy #WorldBookDay2020! As an Education charity, we are inspired by books! If you want to find more books about refugees in the UK, this is a good start! https://t.co/rrejvG74VX As is @GulwaliP, @MayaGoodfellow and @clemantine1 #book #refugee https://t.co/S3Rz9YaMfg"
1249726522400878593,2020-04-13 15:49:56+00:00,"Die Reaktion von #AlbertWeiler (Bundestagsabgeordneter u.a. f√ºr den #SHK von der @CDU) l√§sst tief blicken. Erb√§rmlich. 
#NichtMeinAbgeordneter #LeaveNoOneBehind #WirHabenPlatz https://t.co/DHK0K8mJ0P"
1295330822141218816,2020-08-17 12:05:08+00:00,"Mit mehrmonatiger Versp√§tung ist am Samstagabend das erste kirchliche Rettungsschiff  #SeaWatch4 in See gestochen.
#Seenotrettung @United4Rescue @EKD @BDKJBayern 
https://t.co/6rk01mi396"
1301182123966181381,2020-09-02 15:36:07+00:00,"@conny_asf Furchtbar. K√∂nnen sich nicht in Fl√ºchtlinge hinein versetzen, die vor Burgerkriegen fl√ºchten und nicht noch jahrelang in der T√ºrkei um Almosen betteln wollen.
Aber wenn sie hier auch nur Masken tragen m√ºssen, f√ºhlen sie sich wie in einer Diktatur und gehen auf die Stra√üe.
ü§¶‚Äç‚ôÄÔ∏è"
1295669989580722176,2020-08-18 10:32:52+00:00,@XD_Impact @shellottawa @TOAdamVaughan @JimWatsonOttawa @SteveClarkPC @tayblewett @KellyEganColumn (me)Single person 1 bedroom waiting 15years #COHB letter came to my door. I would be waiting another 15 years+ for a 1 bedroom as I was told. Top priorities are as told to me #domesticviolence #Refugees #homelessness etc. I will have to leave the #toronto for a better chance.
1211034825102176257,2019-12-28 21:22:56+00:00,"On the #7th night of #Chanukkah, I'm thinking of the plight of #refugees from war, tyranny &amp; destitution. #RefugeesWelcome #HumanRights #IncreaseTheLight #TikkunOlam ‚Å¶@CityofSanctuary‚Å© ‚Å¶@safepassageuk‚Å© ‚Å¶@BHPS2011‚Å© @LiberalJudaism"
1171685167049641984,2019-09-11 07:21:27+00:00,"@DawuhdNabil Warum das Geld in einen #Fl√ºchtling investieren?ü§î
Wenn das #SUVVerbot kommt, kaufe ich mir von dem gesparten Geld Goldst√ºcke.‚òùüèªüòé
https://twitter.com/DawuhdNabil/status/1171405081838833667?s=19"
1309529952107343878,2020-09-25 16:27:25+00:00,"@SeebrueckeB @CDU Wenn von den 11000 jeder Einen der Fl√ºchtlinge in seine Wohnung aufnimmt, k√∂nnte es klappen.
Wer ist eigentlich WIR bei #WirHabenPlatz ???"
1223188849280585729,2020-01-31 10:18:42+00:00,"@Ralf_Stegner Ihr seid d Trag√∂die mit eurem imperialen EU Wahn, mit eurer #Massenmigration eurer #Schuldenunion dem Ausverkauf Deutschlands eurer neokokommunistischen Plutokratie..wir hassen nicht Europa, wir achten d Grundgesetz und das System der soz. Marktwirtsch.
..und ja..wir hassen euch"
1312835830679994368,2020-10-04 19:23:48+00:00,"@Nightmare_Keks Ja Mensch, dann kann er ja  locker selber nen Fl√ºchtling aushalten!"
1235196778351296515,2020-03-04 13:33:55+00:00,.@MargSchinas refuses to answer if it is legal for #Greece to use rubber bullets against #asylumseekers at the border with #Turkey (de facto saying it is a proportionate use of force)
1214857474479738880,2020-01-08 10:32:47+00:00,"#Seenotrettung t√∂tet.! #Schlepper
No Way..... 6 Tote pro Jahr, danach EINER...! Google selbst, bin keine Sekret√§rin."
1224372783192465409,2020-02-03 16:43:13+00:00,Interesting piece that mentions #fiscalunion. It could be the symetric side of the #socialagenda on #minimumwage. One way to get all sides on track? https://twitter.com/stefanauer_hku/status/1224288692031782912
1254390181047787521,2020-04-26 12:41:39+00:00,"Und schonmal vormerken: N√§chsten Sonntag (3. Mai) um 17.00 gibt's unsere Live-Finissage mit Analysen, Kritiken und vielen Fragen. #CoronaGlossar #LeaveNoOneBehind."
1175079691692191746,2019-09-20 16:10:05+00:00,"&gt;4 million #Venezuelans have left the country 
A #MigrantCrisis 2nd after #Syria, that only received a fraction of the international #attention &amp; #funding vs other conflicts


Understanding the Venezuelan #RefugeeCrisis by @orianavanpraag @wilsoncenterUM http://ow.ly/rq2W30pzFg8"
1169984421325352961,2019-09-06 14:43:17+00:00,New @FEANTSA #migration and #homelessness newsletter is out. https://mailchi.mp/feantsa/migration-homelessness-newsletter?e=b4168cf703 learn about work on #freemovement indecent reception conditions for #Asylumseekers #destitution among #refugees and the use of homelessness services to carry out #deportations
1304702298770284544,2020-09-12 08:44:02+00:00,"@lehmann_timo @RyglewskiS @CanselK @larscastellucci @derspiegel Es sind keine migranten sondern Fl√ºchtlinge, migration ist zumindest in Teilen freiwillig. Flucht nicht."
1219942709118500865,2020-01-22 11:19:41+00:00,@Reinhard_Mue @faznet Diesen Gesetzt√§nderungen sind reine #Korruption: das #Asylrecht ist keine Migrationsl√∂sung ...
1211290272245542912,2019-12-29 14:18:00+00:00,"This month we welcomed our new EU Commissioner for Crisis Management, @JanezLenarcic. Watch to find out what he will be focusing on over the next five years üá™üá∫#EUsolidarity #VDLCommission"
1303670771953422337,2020-09-09 12:25:07+00:00,"@HeikoMaas Prima, erst mal sch√∂n das Lager abfackeln um dadurch schneller in die gew√ºnschten L√§nder zu kommen in den ""Milch &amp; Honig"" flie√üen. Es kann echt nicht sein, dass immer  mehr Fl√ºchtlinge nach Europa kommen. Das Problem muss zwingend und z√ºgig in den Heimatl√§ndern gel√∂st werden."
1297194143068766214,2020-08-22 15:29:19+00:00,Another amazing #BIPOC woman doing great work with @EndViolenceBC on changing #immigration &amp; other policies to support #immigrant &amp; #refugee women experiencing #GBV stay out of poverty. Love and respect for you Kamaljit üíï https://t.co/1b4c2KNu3i
1303649583294283776,2020-09-09 11:00:55+00:00,"Typisch Gr√ºne. F√ºr ihre abstrusen Ideen sollen immer alle haften. Die @Ricarda_Lang kann ja gerne 50 Fl√ºchtlinge bei sich aufnehmen, f√ºr sie aufkommen und hoffen, dass ihr zum Dank nichts passiert. https://t.co/FV5Ik9SCnS"
1195026542302248960,2019-11-14 17:11:44+00:00,#Fl√ºchtling aus Syrien ist mit dem Aus der Beziehung nicht einverstanden ... besch√§ftigt damit die Sicherheitsbeh√∂rden #Wirschaffendas https://www.merkur.de/lokales/erding/dorfen-ort28598/dorfen-syrer-naehert-sich-ex-freundin-unerlaubt-geldstrafe-13217628.html
1212590935726538752,2020-01-02 04:26:22+00:00,"- Significant differences in immunization coverage exist in urban vs. rural settings.
#VoICE #Inequity

Let‚Äôs close this gap and make #VaccinesWork for everyone irrespective of the place or circumstances around where they live. #LeaveNoOneBehind"
1219867056939655168,2020-01-22 06:19:05+00:00,Thank you to the many #Vauxhall constituents who have contacted me about this. Rest assured that I will be supporting this amendment in the Commons later today - we have to support the right for children to reunite with their families #DubsAmendment #RefugeesWelcome https://twitter.com/AlfDubs/status/1219648374066032644
1285213677986209795,2020-07-20 14:03:13+00:00,"Shahem (21) is a Syrian #refugee and fourth year DAFI medical student living in Amman, #Jordan. Due to coronavirus universities are currently shut. Until they reopen again, Shahem continues studying  at home.

üì∏ @UNHCRJordan / Lilly Carlisle https://t.co/Ilo5iWatGZ"
1268560001666351104,2020-06-04 15:07:27+00:00,Vulnerable people and people with disability are most at risk in this COVID19 epidemic. #LeaveNoOneBehind https://t.co/bPDRcDmdBJ
1225087711947710465,2020-02-05 16:04:06+00:00,üåç‚öìÔ∏èüá™üá∫ Kaum 5 von 100 #schutzbed√ºrftigen #Fl√ºchtlingen finden eine neue Heimat ‚Äì die neusten Entwicklungen und #Hintergr√ºnde zur #Migrationskrise https://www.nzz.ch/international/ex-innenminister-matteo-salvini-droht-ein-weiteres-verfahren-wegen-seiner-blockaden-der-rettungsschiffe-im-mittelmeer-die-neusten-entwicklungen-und-hintergruende-zur-migrationskrise-ld.1535949?mktcid=smsh&mktcval=OS%20Share%20Hub
1192012133275488257,2019-11-06 09:33:33+00:00,#opentheborders Africans should be able to travel throughout Africa with their ID
1327301481884770307,2020-11-13 17:25:08+00:00,"CAST YOUR VOTE!! RST has been chosen as a finalist to host a panel at #SXSW next year!

Help RST earn our spot at SXSW 2021 : click on link below to vote NOW through FRIDAY (11/20) &amp;  learn more about the panel we hope to host on such an incredible stage!

https://t.co/uvbYIzJAOF"
1314106129438441472,2020-10-08 07:31:30+00:00,Same in √ñsterreich! #WirHabenPlatz https://t.co/pMtB0mxgAb
1305442907684470784,2020-09-14 09:46:57+00:00,@Babs_Baphomet Gefl√ºchtete mit Brandstiftern und Erpressern gleichzusetzen ist ziemlich hetzerisch. Wieso so hasserf√ºllt? #Esken #WirHabenPlatz
1327265347599261699,2020-11-13 15:01:32+00:00,"@CaraPac46808618 @Prinnys_Husband @midriffgeneral @J_Jafarov @IamSam1985 @DrKevorkO Aliyev once had said (Munich conference available on youtube) that Karabakh cant be resolved in oneday. It must be resolved in stages.
First the liberation of the 7 districts, then the renovation and putting the refugees back into districts and then the status of NK."
1305503112761933826,2020-09-14 13:46:11+00:00,"Weise Worte des @DalaiLama
#WirHabenPlatz #moriaevakuieren https://t.co/BFJpHEYbu5"
1238219021339840512,2020-03-12 21:43:14+00:00,Disastrous handling of #Eurocrisis under Merkel left Italy with few choices. Handling of #CoronavirusPandemic follows the same pattern. https://twitter.com/berlinbarbarism/status/1162310444205453312
1236622694629511170,2020-03-08 12:00:00+00:00,"This #IWD2020, we salute the women who have dared to change the game, like Margreet with @BB_UK1. Read about how she is making a true difference in the lives of her #refugee students."
1178013495222263808,2019-09-28 18:27:58+00:00,30 Jahre #Fl√ºchtlingswelle. https://twitter.com/tagesschau/status/1177971799247720456
1256663026163314688,2020-05-02 19:13:07+00:00,"Heute erneute #Mahnwache unter dem Motto #LeaveNoOneBehind in #Einbeck
Provokationen und Bedrohungen der #Neonazis inklusive
Wir machen immer weiter. Jetzt erstrecht!
Weitere Fotos @doku_nKuhn  #Flickr: https://flic.kr/s/aHsmMXAfN7


#FckNzs #NoNazis #Seebr√ºcke #Antifa #RefugeesWelcome"
1172763624017973248,2019-09-14 06:46:51+00:00,"Ich fordere @c_lindner und #FDP auf‚Ä¶ gemeinsam MIT der #AfD‚Ä¶ einen U-Ausschauss #Merkel und 2015 zuzustimmen‚Ä¶ es ist die historischen VERANTWORTUNG der #FDP‚Ä¶ die ganz pers√∂nliche SCHULD anzutragen.

#UAusschuss jetzt - #FDP muss Flagge zeigen.

#NieWieder2015 https://twitter.com/Tagesspiegel/status/1172761983248195585"
1301108401162924035,2020-09-02 10:43:10+00:00,@SEENOTRETTUNG DEUTSCHLAND UND EU SCH√ÑMT EUCH !
1215331710172303361,2020-01-09 17:57:14+00:00,"@KaiserUngarn @zeitfuerschima @KolbaPeter @Stadt_Wien @SP_Wien Ich vermute, es gibt bei der #ma40 eine #unsichtbare #weisung: Alles, was m√∂glich ist, aus irgend welchen Gr√ºnden abzulehen, √§hnlich wie bei #asylverfahren. Wahrscheinlich werden entsprechend viele Antr√§ge tats√§chlich nicht neu gestellt, bzw. falsche Bescheide nicht beeinsprucht."
1251922536704757760,2020-04-19 17:16:07+00:00,"#LeaveNoOneBehind @EUHomeAffairs @BMI_Bund
200.000 deutsche Urlauber zur√ºck geholt. 20.000 Gefl√ºchtete auf #Lesbos vergessen? https://t.co/mVLOcF17rR"
1267997161788108801,2020-06-03 01:50:56+00:00,"#Refugee it's not a choice!
Every Human being deserves a better life and future.
People's leaves their homeland behind to escape persecution or terror to save their Life.
@GreeceMFA
https://t.co/tLELyfKEUo"
1322212546892439559,2020-10-30 16:23:31+00:00,This cannot be said enough.  Thankful that refugees are making Houston their home. https://t.co/gEt5troZPg
1317439750144393217,2020-10-17 12:18:07+00:00,"Es bedeutet aus dem Persischen.
Derjenige, dass der Koran in Ihren H√§nde h√§lt, hat 850.000 Terroristen nach Syrien geschickt.
Aus persische Zeitung, √ºbersetz
H√§nde h√§lt, hat 850.000 syrische Fl√ºchtlinge ein Zuhause.
Also lassen Sie sich nicht von ihrem Gesichtsausdruck t√§uschen."
1181868152361078784,2019-10-09 09:45:00+00:00,"A @LibDems Government would treat #asylumseekers fairly and with dignity, lifting the ban to allow them to work three months after they have applied üíº, writes @LordRRoberts @LibDemLords 


https://www.politicshome.com/news/uk/home-affairs/immigration/opinion/house-lords/107111/lord-roberts-we-must-end-%E2%80%98hostile"
1223616203387822080,2020-02-01 14:36:51+00:00,#Putin √ºber die wahnsinnige #Fl√ºchtlingspolitik und verr√ºckten Gerichtsurteile in der #EU. #Merkel #Seehofer #Asylkrise #Justiz https://twitter.com/FfFrauki/status/1223596614532640771
1307771354683498497,2020-09-20 19:59:22+00:00,"@mmbombeck @hannesleitlein @modgamers Man k√∂nnte aber zus√§tzlich auch noch vor allem die L√§nder Italien, Griechenland, Spanien, Zypern &amp; Malta entlasten und weitere Fl√ºchtlinge von dort √ºbernehmen, die aktuell eher normal untergebracht sind. Das h√§tte eigentlich der EU-Beschluss mit den 160.000 schon leisten sollen."
1251087683897753600,2020-04-17 09:58:42+00:00,"From ensuring the supply of protective equipmentüò∑ to providing financeüí∂ to #SMEs and guidance on rapid and efficient #EUpublicprocurement, we're working to combat the effects of the #coronavirus.

Visit our new webpage to learn more: https://ec.europa.eu/growth/coronavirus-response_en

#EUsolidarityüá™üá∫"
1258716752982269952,2020-05-08 11:13:54+00:00,"Wie steht es um die #Wirtschaft Wirtschaft? Sind #Eurobonds oder #Reichensteuer die richtige Forderung? Und was k√∂nnen wir aus der #Coronakrise lernen?
Diese und weitere Fragen kl√§ren @StephanKaufman1 und @SabineNuss morgen Abend. Schaut vorbei:
https://www.facebook.com/events/887450018347617/"
1247269244196261889,2020-04-06 21:05:35+00:00,Detroit in den USA bekannt und der Sitz von US-Autoherstellern! Diese Aufnahmen sind noch nicht so lange her! Human Trafficking take-down=Menschenhandel Unterbindung!Parallelen zu den verschiedenen Meldungen in Deutschland und propagierten #wirhabenplatz ?Inüá©üá™keine Unterbindung! https://t.co/R2odFVoSFS
1274987844919078913,2020-06-22 08:49:25+00:00,@Pontifex Pope appeals for care for #refugees and for #creation - @VaticanNews https://t.co/MtRTIpzAqj
1305894371942948868,2020-09-15 15:40:55+00:00,"After the human desaster in #Moria, 12.000 HUMANS must be relocated in the #EU. 
12.000!
#Belgium takes... 12 unaccompanied minors.
Where is the european solidarity? Our values? Our dignity?
And the #HumanRights of these children, women and men?
Shame on Europe!
#RefugeesWelcome https://t.co/Hxk8iLDQdq"
1214627234415366145,2020-01-07 19:17:54+00:00,"@RefugeesIntl It is beautiful in the picture but in reality. #IranianRefugeesInTurkey got stopped by #TravelBan 3 years ago and still have no country and no identity waiting for transfer .... please help us 
No to #TrumpTravelBan
#Resettlement4Iranians 
#Refugees 
#RefugeesWelcome"
1322757830064132097,2020-11-01 04:30:16+00:00,Ful¬≠da: Poli¬≠zist t√∂tet Fl√ºcht¬≠ling bei Ein¬≠satz ‚Äì Ermitt¬≠lun¬≠gen gegen Beam¬≠ten ‚Äì FOCUS Online Quelle: Fulda: Polizist t√∂tet Fl√ºchtling bei Einsatz - Ermittlungen gegen Beamten - FOCUS Online https://t.co/DbHSz7mopp
